CREATE TABLE IF NOT EXISTS "games_archive" (
	"id"	INT,
	"date"	DATE NOT NULL,
	"opponent"	VARCHAR(255),
	"score total"	VARCHAR(255),
	"score set 1"	VARCHAR(255),
	"score set 2"	VARCHAR(255),
	"score set 3"	VARCHAR(255),
	"score set 4"	VARCHAR(255),
	"score set 5"	VARCHAR(255),
	PRIMARY KEY("id")
);
CREATE TABLE IF NOT EXISTS "active_game" (
	"number"	INT NOT NULL,
	"name"	VARCHAR(255) NOT NULL,
	"serves"	VARCHAR(255),
	"passes"	INT,
	"attacks"	VARCHAR(255),
	"assists"	VARCHAR(255),
	"set_id"	INT
);
CREATE TABLE IF NOT EXISTS "players" (
	"id"	INT,
	"game_id"	INT,
	"player_number"	INT,
	"player_name"	VARCHAR(255),
	"serves"	VARCHAR(255),
	"passes"	VARCHAR(255),
	"attacks"	VARCHAR(255),
	"assists"	VARCHAR(255),
	"set_id"	INT,
	FOREIGN KEY("game_id") REFERENCES "games_archive"("id"),
	PRIMARY KEY("id")
);
INSERT INTO "games_archive" ("id","date","opponent","score total","score set 1","score set 2","score set 3","score set 4","score set 5") VALUES (25,'10-16-2024','Concord Academy',NULL,NULL,NULL,NULL,NULL,NULL);
INSERT INTO "games_archive" ("id","date","opponent","score total","score set 1","score set 2","score set 3","score set 4","score set 5") VALUES (26,'10-23-2024','Rivers',NULL,NULL,NULL,NULL,NULL,NULL);
INSERT INTO "games_archive" ("id","date","opponent","score total","score set 1","score set 2","score set 3","score set 4","score set 5") VALUES (27,'10-28-2024','Thayer Academy',NULL,NULL,NULL,NULL,NULL,NULL);
INSERT INTO "active_game" ("number","name","serves","passes","attacks","assists","set_id") VALUES (1,'Grace-Ann',NULL,NULL,NULL,NULL,1);
INSERT INTO "active_game" ("number","name","serves","passes","attacks","assists","set_id") VALUES (1,'Grace-Ann',NULL,NULL,NULL,NULL,2);
INSERT INTO "active_game" ("number","name","serves","passes","attacks","assists","set_id") VALUES (1,'Grace-Ann',NULL,NULL,NULL,NULL,3);
INSERT INTO "active_game" ("number","name","serves","passes","attacks","assists","set_id") VALUES (1,'Grace-Ann',NULL,NULL,NULL,NULL,4);
INSERT INTO "active_game" ("number","name","serves","passes","attacks","assists","set_id") VALUES (1,'Grace-Ann',NULL,NULL,NULL,NULL,5);
INSERT INTO "active_game" ("number","name","serves","passes","attacks","assists","set_id") VALUES (2,'Elizabeth',NULL,NULL,NULL,NULL,1);
INSERT INTO "active_game" ("number","name","serves","passes","attacks","assists","set_id") VALUES (2,'Elizabeth',NULL,NULL,NULL,NULL,2);
INSERT INTO "active_game" ("number","name","serves","passes","attacks","assists","set_id") VALUES (2,'Elizabeth',NULL,NULL,NULL,NULL,3);
INSERT INTO "active_game" ("number","name","serves","passes","attacks","assists","set_id") VALUES (2,'Elizabeth',NULL,NULL,NULL,NULL,4);
INSERT INTO "active_game" ("number","name","serves","passes","attacks","assists","set_id") VALUES (2,'Elizabeth',NULL,NULL,NULL,NULL,5);
INSERT INTO "active_game" ("number","name","serves","passes","attacks","assists","set_id") VALUES (3,'Clara',NULL,NULL,NULL,NULL,1);
INSERT INTO "active_game" ("number","name","serves","passes","attacks","assists","set_id") VALUES (3,'Clara',NULL,NULL,NULL,NULL,2);
INSERT INTO "active_game" ("number","name","serves","passes","attacks","assists","set_id") VALUES (3,'Clara',NULL,NULL,NULL,NULL,3);
INSERT INTO "active_game" ("number","name","serves","passes","attacks","assists","set_id") VALUES (3,'Clara',NULL,NULL,NULL,NULL,4);
INSERT INTO "active_game" ("number","name","serves","passes","attacks","assists","set_id") VALUES (3,'Clara',NULL,NULL,NULL,NULL,5);
INSERT INTO "active_game" ("number","name","serves","passes","attacks","assists","set_id") VALUES (4,'Dinero',NULL,NULL,NULL,NULL,1);
INSERT INTO "active_game" ("number","name","serves","passes","attacks","assists","set_id") VALUES (4,'Dinero',NULL,NULL,NULL,NULL,2);
INSERT INTO "active_game" ("number","name","serves","passes","attacks","assists","set_id") VALUES (4,'Dinero',NULL,NULL,NULL,NULL,3);
INSERT INTO "active_game" ("number","name","serves","passes","attacks","assists","set_id") VALUES (4,'Dinero',NULL,NULL,NULL,NULL,4);
INSERT INTO "active_game" ("number","name","serves","passes","attacks","assists","set_id") VALUES (4,'Dinero',NULL,NULL,NULL,NULL,5);
INSERT INTO "active_game" ("number","name","serves","passes","attacks","assists","set_id") VALUES (5,'Moran',NULL,NULL,NULL,NULL,1);
INSERT INTO "active_game" ("number","name","serves","passes","attacks","assists","set_id") VALUES (5,'Moran',NULL,NULL,NULL,NULL,2);
INSERT INTO "active_game" ("number","name","serves","passes","attacks","assists","set_id") VALUES (5,'Moran',NULL,NULL,NULL,NULL,3);
INSERT INTO "active_game" ("number","name","serves","passes","attacks","assists","set_id") VALUES (5,'Moran',NULL,NULL,NULL,NULL,4);
INSERT INTO "active_game" ("number","name","serves","passes","attacks","assists","set_id") VALUES (5,'Moran',NULL,NULL,NULL,NULL,5);
INSERT INTO "active_game" ("number","name","serves","passes","attacks","assists","set_id") VALUES (6,'Julia',NULL,NULL,NULL,NULL,1);
INSERT INTO "active_game" ("number","name","serves","passes","attacks","assists","set_id") VALUES (6,'Julia',NULL,NULL,NULL,NULL,2);
INSERT INTO "active_game" ("number","name","serves","passes","attacks","assists","set_id") VALUES (6,'Julia',NULL,NULL,NULL,NULL,3);
INSERT INTO "active_game" ("number","name","serves","passes","attacks","assists","set_id") VALUES (6,'Julia',NULL,NULL,NULL,NULL,4);
INSERT INTO "active_game" ("number","name","serves","passes","attacks","assists","set_id") VALUES (6,'Julia',NULL,NULL,NULL,NULL,5);
INSERT INTO "active_game" ("number","name","serves","passes","attacks","assists","set_id") VALUES (7,'Alyssa',NULL,NULL,NULL,NULL,1);
INSERT INTO "active_game" ("number","name","serves","passes","attacks","assists","set_id") VALUES (7,'Alyssa',NULL,NULL,NULL,NULL,2);
INSERT INTO "active_game" ("number","name","serves","passes","attacks","assists","set_id") VALUES (7,'Alyssa',NULL,NULL,NULL,NULL,3);
INSERT INTO "active_game" ("number","name","serves","passes","attacks","assists","set_id") VALUES (7,'Alyssa',NULL,NULL,NULL,NULL,4);
INSERT INTO "active_game" ("number","name","serves","passes","attacks","assists","set_id") VALUES (7,'Alyssa',NULL,NULL,NULL,NULL,5);
INSERT INTO "active_game" ("number","name","serves","passes","attacks","assists","set_id") VALUES (8,'Sarah',NULL,NULL,NULL,NULL,1);
INSERT INTO "active_game" ("number","name","serves","passes","attacks","assists","set_id") VALUES (8,'Sarah',NULL,NULL,NULL,NULL,2);
INSERT INTO "active_game" ("number","name","serves","passes","attacks","assists","set_id") VALUES (8,'Sarah',NULL,NULL,NULL,NULL,3);
INSERT INTO "active_game" ("number","name","serves","passes","attacks","assists","set_id") VALUES (8,'Sarah',NULL,NULL,NULL,NULL,4);
INSERT INTO "active_game" ("number","name","serves","passes","attacks","assists","set_id") VALUES (8,'Sarah',NULL,NULL,NULL,NULL,5);
INSERT INTO "active_game" ("number","name","serves","passes","attacks","assists","set_id") VALUES (9,'Fiona',NULL,NULL,NULL,NULL,1);
INSERT INTO "active_game" ("number","name","serves","passes","attacks","assists","set_id") VALUES (9,'Fiona',NULL,NULL,NULL,NULL,2);
INSERT INTO "active_game" ("number","name","serves","passes","attacks","assists","set_id") VALUES (9,'Fiona',NULL,NULL,NULL,NULL,3);
INSERT INTO "active_game" ("number","name","serves","passes","attacks","assists","set_id") VALUES (9,'Fiona',NULL,NULL,NULL,NULL,4);
INSERT INTO "active_game" ("number","name","serves","passes","attacks","assists","set_id") VALUES (9,'Fiona',NULL,NULL,NULL,NULL,5);
INSERT INTO "active_game" ("number","name","serves","passes","attacks","assists","set_id") VALUES (10,'CJ',NULL,NULL,NULL,NULL,1);
INSERT INTO "active_game" ("number","name","serves","passes","attacks","assists","set_id") VALUES (10,'CJ',NULL,NULL,NULL,NULL,2);
INSERT INTO "active_game" ("number","name","serves","passes","attacks","assists","set_id") VALUES (10,'CJ',NULL,NULL,NULL,NULL,3);
INSERT INTO "active_game" ("number","name","serves","passes","attacks","assists","set_id") VALUES (10,'CJ',NULL,NULL,NULL,NULL,4);
INSERT INTO "active_game" ("number","name","serves","passes","attacks","assists","set_id") VALUES (10,'CJ',NULL,NULL,NULL,NULL,5);
INSERT INTO "active_game" ("number","name","serves","passes","attacks","assists","set_id") VALUES (11,'Charlotte',NULL,NULL,NULL,NULL,1);
INSERT INTO "active_game" ("number","name","serves","passes","attacks","assists","set_id") VALUES (11,'Charlotte',NULL,NULL,NULL,NULL,2);
INSERT INTO "active_game" ("number","name","serves","passes","attacks","assists","set_id") VALUES (11,'Charlotte',NULL,NULL,NULL,NULL,3);
INSERT INTO "active_game" ("number","name","serves","passes","attacks","assists","set_id") VALUES (11,'Charlotte',NULL,NULL,NULL,NULL,4);
INSERT INTO "active_game" ("number","name","serves","passes","attacks","assists","set_id") VALUES (11,'Charlotte',NULL,NULL,NULL,NULL,5);
INSERT INTO "active_game" ("number","name","serves","passes","attacks","assists","set_id") VALUES (12,'Jackie',NULL,NULL,NULL,NULL,1);
INSERT INTO "active_game" ("number","name","serves","passes","attacks","assists","set_id") VALUES (12,'Jackie',NULL,NULL,NULL,NULL,2);
INSERT INTO "active_game" ("number","name","serves","passes","attacks","assists","set_id") VALUES (12,'Jackie',NULL,NULL,NULL,NULL,3);
INSERT INTO "active_game" ("number","name","serves","passes","attacks","assists","set_id") VALUES (12,'Jackie',NULL,NULL,NULL,NULL,4);
INSERT INTO "active_game" ("number","name","serves","passes","attacks","assists","set_id") VALUES (12,'Jackie',NULL,NULL,NULL,NULL,5);
INSERT INTO "active_game" ("number","name","serves","passes","attacks","assists","set_id") VALUES (13,'Lucy',NULL,NULL,NULL,NULL,1);
INSERT INTO "active_game" ("number","name","serves","passes","attacks","assists","set_id") VALUES (13,'Lucy',NULL,NULL,NULL,NULL,2);
INSERT INTO "active_game" ("number","name","serves","passes","attacks","assists","set_id") VALUES (13,'Lucy',NULL,NULL,NULL,NULL,3);
INSERT INTO "active_game" ("number","name","serves","passes","attacks","assists","set_id") VALUES (13,'Lucy',NULL,NULL,NULL,NULL,4);
INSERT INTO "active_game" ("number","name","serves","passes","attacks","assists","set_id") VALUES (13,'Lucy',NULL,NULL,NULL,NULL,5);
INSERT INTO "active_game" ("number","name","serves","passes","attacks","assists","set_id") VALUES (14,'Claire',NULL,NULL,NULL,NULL,1);
INSERT INTO "active_game" ("number","name","serves","passes","attacks","assists","set_id") VALUES (14,'Claire',NULL,NULL,NULL,NULL,2);
INSERT INTO "active_game" ("number","name","serves","passes","attacks","assists","set_id") VALUES (14,'Claire',NULL,NULL,NULL,NULL,3);
INSERT INTO "active_game" ("number","name","serves","passes","attacks","assists","set_id") VALUES (14,'Claire',NULL,NULL,NULL,NULL,4);
INSERT INTO "active_game" ("number","name","serves","passes","attacks","assists","set_id") VALUES (14,'Claire',NULL,NULL,NULL,NULL,5);
INSERT INTO "active_game" ("number","name","serves","passes","attacks","assists","set_id") VALUES (15,'Ela',NULL,NULL,NULL,NULL,1);
INSERT INTO "active_game" ("number","name","serves","passes","attacks","assists","set_id") VALUES (15,'Ela',NULL,NULL,NULL,NULL,2);
INSERT INTO "active_game" ("number","name","serves","passes","attacks","assists","set_id") VALUES (15,'Ela',NULL,NULL,NULL,NULL,3);
INSERT INTO "active_game" ("number","name","serves","passes","attacks","assists","set_id") VALUES (15,'Ela',NULL,NULL,NULL,NULL,4);
INSERT INTO "active_game" ("number","name","serves","passes","attacks","assists","set_id") VALUES (15,'Ela',NULL,NULL,NULL,NULL,5);
INSERT INTO "active_game" ("number","name","serves","passes","attacks","assists","set_id") VALUES (17,'Janie',NULL,NULL,NULL,NULL,1);
INSERT INTO "active_game" ("number","name","serves","passes","attacks","assists","set_id") VALUES (17,'Janie',NULL,NULL,NULL,NULL,2);
INSERT INTO "active_game" ("number","name","serves","passes","attacks","assists","set_id") VALUES (17,'Janie',NULL,NULL,NULL,NULL,3);
INSERT INTO "active_game" ("number","name","serves","passes","attacks","assists","set_id") VALUES (17,'Janie',NULL,NULL,NULL,NULL,4);
INSERT INTO "active_game" ("number","name","serves","passes","attacks","assists","set_id") VALUES (17,'Janie',NULL,NULL,NULL,NULL,5);
INSERT INTO "players" ("id","game_id","player_number","player_name","serves","passes","attacks","assists","set_id") VALUES (956,25,1,'Grace-Ann','OOOOO','','',NULL,NULL);
INSERT INTO "players" ("id","game_id","player_number","player_name","serves","passes","attacks","assists","set_id") VALUES (957,25,1,'Grace-Ann','','','OO',NULL,NULL);
INSERT INTO "players" ("id","game_id","player_number","player_name","serves","passes","attacks","assists","set_id") VALUES (958,25,1,'Grace-Ann','','','O',NULL,NULL);
INSERT INTO "players" ("id","game_id","player_number","player_name","serves","passes","attacks","assists","set_id") VALUES (959,25,1,'Grace-Ann','','','O',NULL,NULL);
INSERT INTO "players" ("id","game_id","player_number","player_name","serves","passes","attacks","assists","set_id") VALUES (960,25,1,'Grace-Ann','','','O',NULL,NULL);
INSERT INTO "players" ("id","game_id","player_number","player_name","serves","passes","attacks","assists","set_id") VALUES (961,25,2,'Elizabeth','','','',NULL,NULL);
INSERT INTO "players" ("id","game_id","player_number","player_name","serves","passes","attacks","assists","set_id") VALUES (962,25,2,'Elizabeth','','','',NULL,NULL);
INSERT INTO "players" ("id","game_id","player_number","player_name","serves","passes","attacks","assists","set_id") VALUES (963,25,2,'Elizabeth','O','','',NULL,NULL);
INSERT INTO "players" ("id","game_id","player_number","player_name","serves","passes","attacks","assists","set_id") VALUES (964,25,2,'Elizabeth','KKOOE','3','',NULL,NULL);
INSERT INTO "players" ("id","game_id","player_number","player_name","serves","passes","attacks","assists","set_id") VALUES (965,25,2,'Elizabeth','OE','1','',NULL,NULL);
INSERT INTO "players" ("id","game_id","player_number","player_name","serves","passes","attacks","assists","set_id") VALUES (966,25,3,'Clara','','','',NULL,NULL);
INSERT INTO "players" ("id","game_id","player_number","player_name","serves","passes","attacks","assists","set_id") VALUES (967,25,3,'Clara','OE','0','KO',NULL,NULL);
INSERT INTO "players" ("id","game_id","player_number","player_name","serves","passes","attacks","assists","set_id") VALUES (968,25,3,'Clara','','','',NULL,NULL);
INSERT INTO "players" ("id","game_id","player_number","player_name","serves","passes","attacks","assists","set_id") VALUES (969,25,3,'Clara','','1','K',NULL,NULL);
INSERT INTO "players" ("id","game_id","player_number","player_name","serves","passes","attacks","assists","set_id") VALUES (970,25,3,'Clara','','','',NULL,NULL);
INSERT INTO "players" ("id","game_id","player_number","player_name","serves","passes","attacks","assists","set_id") VALUES (971,25,4,'Dinero','','','',NULL,NULL);
INSERT INTO "players" ("id","game_id","player_number","player_name","serves","passes","attacks","assists","set_id") VALUES (972,25,4,'Dinero','','','',NULL,NULL);
INSERT INTO "players" ("id","game_id","player_number","player_name","serves","passes","attacks","assists","set_id") VALUES (973,25,4,'Dinero','','','',NULL,NULL);
INSERT INTO "players" ("id","game_id","player_number","player_name","serves","passes","attacks","assists","set_id") VALUES (974,25,4,'Dinero','','','',NULL,NULL);
INSERT INTO "players" ("id","game_id","player_number","player_name","serves","passes","attacks","assists","set_id") VALUES (975,25,4,'Dinero','','','',NULL,NULL);
INSERT INTO "players" ("id","game_id","player_number","player_name","serves","passes","attacks","assists","set_id") VALUES (976,25,5,'Moran','','','',NULL,NULL);
INSERT INTO "players" ("id","game_id","player_number","player_name","serves","passes","attacks","assists","set_id") VALUES (977,25,5,'Moran','EOE','1','OKKOOO',NULL,NULL);
INSERT INTO "players" ("id","game_id","player_number","player_name","serves","passes","attacks","assists","set_id") VALUES (978,25,5,'Moran','OOOK','2','',NULL,NULL);
INSERT INTO "players" ("id","game_id","player_number","player_name","serves","passes","attacks","assists","set_id") VALUES (979,25,5,'Moran','OEO','323132','EEKEO',NULL,NULL);
INSERT INTO "players" ("id","game_id","player_number","player_name","serves","passes","attacks","assists","set_id") VALUES (980,25,5,'Moran','O','2','OKOKO',NULL,NULL);
INSERT INTO "players" ("id","game_id","player_number","player_name","serves","passes","attacks","assists","set_id") VALUES (981,25,6,'Julia','','','',NULL,NULL);
INSERT INTO "players" ("id","game_id","player_number","player_name","serves","passes","attacks","assists","set_id") VALUES (982,25,6,'Julia','','','',NULL,NULL);
INSERT INTO "players" ("id","game_id","player_number","player_name","serves","passes","attacks","assists","set_id") VALUES (983,25,6,'Julia','','','',NULL,NULL);
INSERT INTO "players" ("id","game_id","player_number","player_name","serves","passes","attacks","assists","set_id") VALUES (984,25,6,'Julia','','','',NULL,NULL);
INSERT INTO "players" ("id","game_id","player_number","player_name","serves","passes","attacks","assists","set_id") VALUES (985,25,6,'Julia','','','',NULL,NULL);
INSERT INTO "players" ("id","game_id","player_number","player_name","serves","passes","attacks","assists","set_id") VALUES (986,25,7,'Alyssa','','','',NULL,NULL);
INSERT INTO "players" ("id","game_id","player_number","player_name","serves","passes","attacks","assists","set_id") VALUES (987,25,7,'Alyssa','','','OOK',NULL,NULL);
INSERT INTO "players" ("id","game_id","player_number","player_name","serves","passes","attacks","assists","set_id") VALUES (988,25,7,'Alyssa','','','KKK',NULL,NULL);
INSERT INTO "players" ("id","game_id","player_number","player_name","serves","passes","attacks","assists","set_id") VALUES (989,25,7,'Alyssa','','','OEOKKKE',NULL,NULL);
INSERT INTO "players" ("id","game_id","player_number","player_name","serves","passes","attacks","assists","set_id") VALUES (990,25,7,'Alyssa','','','',NULL,NULL);
INSERT INTO "players" ("id","game_id","player_number","player_name","serves","passes","attacks","assists","set_id") VALUES (991,25,8,'Sarah','','','',NULL,NULL);
INSERT INTO "players" ("id","game_id","player_number","player_name","serves","passes","attacks","assists","set_id") VALUES (992,25,8,'Sarah','','','',NULL,NULL);
INSERT INTO "players" ("id","game_id","player_number","player_name","serves","passes","attacks","assists","set_id") VALUES (993,25,8,'Sarah','','','',NULL,NULL);
INSERT INTO "players" ("id","game_id","player_number","player_name","serves","passes","attacks","assists","set_id") VALUES (994,25,8,'Sarah','','','',NULL,NULL);
INSERT INTO "players" ("id","game_id","player_number","player_name","serves","passes","attacks","assists","set_id") VALUES (995,25,8,'Sarah','','','',NULL,NULL);
INSERT INTO "players" ("id","game_id","player_number","player_name","serves","passes","attacks","assists","set_id") VALUES (996,25,9,'Fiona','','','',NULL,NULL);
INSERT INTO "players" ("id","game_id","player_number","player_name","serves","passes","attacks","assists","set_id") VALUES (997,25,9,'Fiona','E','21','',NULL,NULL);
INSERT INTO "players" ("id","game_id","player_number","player_name","serves","passes","attacks","assists","set_id") VALUES (998,25,9,'Fiona','','','',NULL,NULL);
INSERT INTO "players" ("id","game_id","player_number","player_name","serves","passes","attacks","assists","set_id") VALUES (999,25,9,'Fiona','','','',NULL,NULL);
INSERT INTO "players" ("id","game_id","player_number","player_name","serves","passes","attacks","assists","set_id") VALUES (1000,25,9,'Fiona','','','',NULL,NULL);
INSERT INTO "players" ("id","game_id","player_number","player_name","serves","passes","attacks","assists","set_id") VALUES (1001,25,10,'CJ','','','',NULL,NULL);
INSERT INTO "players" ("id","game_id","player_number","player_name","serves","passes","attacks","assists","set_id") VALUES (1002,25,10,'CJ','OOOOOOO','','',NULL,NULL);
INSERT INTO "players" ("id","game_id","player_number","player_name","serves","passes","attacks","assists","set_id") VALUES (1003,25,10,'CJ','OKOKO','','',NULL,NULL);
INSERT INTO "players" ("id","game_id","player_number","player_name","serves","passes","attacks","assists","set_id") VALUES (1004,25,10,'CJ','OOOOOO','','EO',NULL,NULL);
INSERT INTO "players" ("id","game_id","player_number","player_name","serves","passes","attacks","assists","set_id") VALUES (1005,25,10,'CJ','O','','',NULL,NULL);
INSERT INTO "players" ("id","game_id","player_number","player_name","serves","passes","attacks","assists","set_id") VALUES (1006,25,11,'Charlotte','','','',NULL,NULL);
INSERT INTO "players" ("id","game_id","player_number","player_name","serves","passes","attacks","assists","set_id") VALUES (1007,25,11,'Charlotte','OKOKKO','213133','E',NULL,NULL);
INSERT INTO "players" ("id","game_id","player_number","player_name","serves","passes","attacks","assists","set_id") VALUES (1008,25,11,'Charlotte','O','331','',NULL,NULL);
INSERT INTO "players" ("id","game_id","player_number","player_name","serves","passes","attacks","assists","set_id") VALUES (1009,25,11,'Charlotte','EOOOOOO','31310232','',NULL,NULL);
INSERT INTO "players" ("id","game_id","player_number","player_name","serves","passes","attacks","assists","set_id") VALUES (1010,25,11,'Charlotte','OKKKO','32','',NULL,NULL);
INSERT INTO "players" ("id","game_id","player_number","player_name","serves","passes","attacks","assists","set_id") VALUES (1011,25,12,'Jackie','','','',NULL,NULL);
INSERT INTO "players" ("id","game_id","player_number","player_name","serves","passes","attacks","assists","set_id") VALUES (1012,25,12,'Jackie','OE','30132','KKK',NULL,NULL);
INSERT INTO "players" ("id","game_id","player_number","player_name","serves","passes","attacks","assists","set_id") VALUES (1013,25,12,'Jackie','','','KKOOEOKEOOK',NULL,NULL);
INSERT INTO "players" ("id","game_id","player_number","player_name","serves","passes","attacks","assists","set_id") VALUES (1014,25,12,'Jackie','E','11131','KEKEKKOOOEOE',NULL,NULL);
INSERT INTO "players" ("id","game_id","player_number","player_name","serves","passes","attacks","assists","set_id") VALUES (1015,25,12,'Jackie','KOO','2','KOO',NULL,NULL);
INSERT INTO "players" ("id","game_id","player_number","player_name","serves","passes","attacks","assists","set_id") VALUES (1016,25,13,'Lucy','','','',NULL,NULL);
INSERT INTO "players" ("id","game_id","player_number","player_name","serves","passes","attacks","assists","set_id") VALUES (1017,25,13,'Lucy','','','',NULL,NULL);
INSERT INTO "players" ("id","game_id","player_number","player_name","serves","passes","attacks","assists","set_id") VALUES (1018,25,13,'Lucy','','','KEE',NULL,NULL);
INSERT INTO "players" ("id","game_id","player_number","player_name","serves","passes","attacks","assists","set_id") VALUES (1019,25,13,'Lucy','','','KOKOOOO',NULL,NULL);
INSERT INTO "players" ("id","game_id","player_number","player_name","serves","passes","attacks","assists","set_id") VALUES (1020,25,13,'Lucy','','','O',NULL,NULL);
INSERT INTO "players" ("id","game_id","player_number","player_name","serves","passes","attacks","assists","set_id") VALUES (1021,25,14,'Claire','','','',NULL,NULL);
INSERT INTO "players" ("id","game_id","player_number","player_name","serves","passes","attacks","assists","set_id") VALUES (1022,25,14,'Claire','O','','',NULL,NULL);
INSERT INTO "players" ("id","game_id","player_number","player_name","serves","passes","attacks","assists","set_id") VALUES (1023,25,14,'Claire','','','',NULL,NULL);
INSERT INTO "players" ("id","game_id","player_number","player_name","serves","passes","attacks","assists","set_id") VALUES (1024,25,14,'Claire','O','','',NULL,NULL);
INSERT INTO "players" ("id","game_id","player_number","player_name","serves","passes","attacks","assists","set_id") VALUES (1025,25,14,'Claire','OE','','',NULL,NULL);
INSERT INTO "players" ("id","game_id","player_number","player_name","serves","passes","attacks","assists","set_id") VALUES (1026,25,15,'Ela','','','',NULL,NULL);
INSERT INTO "players" ("id","game_id","player_number","player_name","serves","passes","attacks","assists","set_id") VALUES (1027,25,15,'Ela','','','',NULL,NULL);
INSERT INTO "players" ("id","game_id","player_number","player_name","serves","passes","attacks","assists","set_id") VALUES (1028,25,15,'Ela','','','',NULL,NULL);
INSERT INTO "players" ("id","game_id","player_number","player_name","serves","passes","attacks","assists","set_id") VALUES (1029,25,15,'Ela','','','',NULL,NULL);
INSERT INTO "players" ("id","game_id","player_number","player_name","serves","passes","attacks","assists","set_id") VALUES (1030,25,15,'Ela','','','',NULL,NULL);
INSERT INTO "players" ("id","game_id","player_number","player_name","serves","passes","attacks","assists","set_id") VALUES (1031,25,17,'Janie','','','',NULL,NULL);
INSERT INTO "players" ("id","game_id","player_number","player_name","serves","passes","attacks","assists","set_id") VALUES (1032,25,17,'Janie','','','',NULL,NULL);
INSERT INTO "players" ("id","game_id","player_number","player_name","serves","passes","attacks","assists","set_id") VALUES (1033,25,17,'Janie','','','',NULL,NULL);
INSERT INTO "players" ("id","game_id","player_number","player_name","serves","passes","attacks","assists","set_id") VALUES (1034,25,17,'Janie','','','',NULL,NULL);
INSERT INTO "players" ("id","game_id","player_number","player_name","serves","passes","attacks","assists","set_id") VALUES (1035,25,17,'Janie','','','',NULL,NULL);
INSERT INTO "players" ("id","game_id","player_number","player_name","serves","passes","attacks","assists","set_id") VALUES (1036,26,1,'Grace-Ann','','','',NULL,1);
INSERT INTO "players" ("id","game_id","player_number","player_name","serves","passes","attacks","assists","set_id") VALUES (1037,26,1,'Grace-Ann','','','E',NULL,2);
INSERT INTO "players" ("id","game_id","player_number","player_name","serves","passes","attacks","assists","set_id") VALUES (1038,26,1,'Grace-Ann','','','',NULL,3);
INSERT INTO "players" ("id","game_id","player_number","player_name","serves","passes","attacks","assists","set_id") VALUES (1039,26,1,'Grace-Ann','','','',NULL,4);
INSERT INTO "players" ("id","game_id","player_number","player_name","serves","passes","attacks","assists","set_id") VALUES (1040,26,1,'Grace-Ann','','','',NULL,5);
INSERT INTO "players" ("id","game_id","player_number","player_name","serves","passes","attacks","assists","set_id") VALUES (1041,26,2,'Elizabeth','','33','',NULL,1);
INSERT INTO "players" ("id","game_id","player_number","player_name","serves","passes","attacks","assists","set_id") VALUES (1042,26,2,'Elizabeth','OOEKO','21111','',NULL,2);
INSERT INTO "players" ("id","game_id","player_number","player_name","serves","passes","attacks","assists","set_id") VALUES (1043,26,2,'Elizabeth','O','0','',NULL,3);
INSERT INTO "players" ("id","game_id","player_number","player_name","serves","passes","attacks","assists","set_id") VALUES (1044,26,2,'Elizabeth','','','',NULL,4);
INSERT INTO "players" ("id","game_id","player_number","player_name","serves","passes","attacks","assists","set_id") VALUES (1045,26,2,'Elizabeth','','','',NULL,5);
INSERT INTO "players" ("id","game_id","player_number","player_name","serves","passes","attacks","assists","set_id") VALUES (1046,26,3,'Clara','','','',NULL,1);
INSERT INTO "players" ("id","game_id","player_number","player_name","serves","passes","attacks","assists","set_id") VALUES (1047,26,3,'Clara','','','',NULL,2);
INSERT INTO "players" ("id","game_id","player_number","player_name","serves","passes","attacks","assists","set_id") VALUES (1048,26,3,'Clara','','','',NULL,3);
INSERT INTO "players" ("id","game_id","player_number","player_name","serves","passes","attacks","assists","set_id") VALUES (1049,26,3,'Clara','','','',NULL,4);
INSERT INTO "players" ("id","game_id","player_number","player_name","serves","passes","attacks","assists","set_id") VALUES (1050,26,3,'Clara','','','',NULL,5);
INSERT INTO "players" ("id","game_id","player_number","player_name","serves","passes","attacks","assists","set_id") VALUES (1051,26,4,'Dinero','','','',NULL,1);
INSERT INTO "players" ("id","game_id","player_number","player_name","serves","passes","attacks","assists","set_id") VALUES (1052,26,4,'Dinero','','','',NULL,2);
INSERT INTO "players" ("id","game_id","player_number","player_name","serves","passes","attacks","assists","set_id") VALUES (1053,26,4,'Dinero','','','',NULL,3);
INSERT INTO "players" ("id","game_id","player_number","player_name","serves","passes","attacks","assists","set_id") VALUES (1054,26,4,'Dinero','','','',NULL,4);
INSERT INTO "players" ("id","game_id","player_number","player_name","serves","passes","attacks","assists","set_id") VALUES (1055,26,4,'Dinero','','','',NULL,5);
INSERT INTO "players" ("id","game_id","player_number","player_name","serves","passes","attacks","assists","set_id") VALUES (1056,26,5,'Moran','OOE','103','KKKKOEOKE',NULL,1);
INSERT INTO "players" ("id","game_id","player_number","player_name","serves","passes","attacks","assists","set_id") VALUES (1057,26,5,'Moran','','','',NULL,2);
INSERT INTO "players" ("id","game_id","player_number","player_name","serves","passes","attacks","assists","set_id") VALUES (1058,26,5,'Moran','','','OE',NULL,3);
INSERT INTO "players" ("id","game_id","player_number","player_name","serves","passes","attacks","assists","set_id") VALUES (1059,26,5,'Moran','','','',NULL,4);
INSERT INTO "players" ("id","game_id","player_number","player_name","serves","passes","attacks","assists","set_id") VALUES (1060,26,5,'Moran','','','',NULL,5);
INSERT INTO "players" ("id","game_id","player_number","player_name","serves","passes","attacks","assists","set_id") VALUES (1061,26,6,'Julia','','','',NULL,1);
INSERT INTO "players" ("id","game_id","player_number","player_name","serves","passes","attacks","assists","set_id") VALUES (1062,26,6,'Julia','','','',NULL,2);
INSERT INTO "players" ("id","game_id","player_number","player_name","serves","passes","attacks","assists","set_id") VALUES (1063,26,6,'Julia','','','',NULL,3);
INSERT INTO "players" ("id","game_id","player_number","player_name","serves","passes","attacks","assists","set_id") VALUES (1064,26,6,'Julia','','','',NULL,4);
INSERT INTO "players" ("id","game_id","player_number","player_name","serves","passes","attacks","assists","set_id") VALUES (1065,26,6,'Julia','','','',NULL,5);
INSERT INTO "players" ("id","game_id","player_number","player_name","serves","passes","attacks","assists","set_id") VALUES (1066,26,7,'Alyssa','','','OEE',NULL,1);
INSERT INTO "players" ("id","game_id","player_number","player_name","serves","passes","attacks","assists","set_id") VALUES (1067,26,7,'Alyssa','','','K',NULL,2);
INSERT INTO "players" ("id","game_id","player_number","player_name","serves","passes","attacks","assists","set_id") VALUES (1068,26,7,'Alyssa','','','KKO',NULL,3);
INSERT INTO "players" ("id","game_id","player_number","player_name","serves","passes","attacks","assists","set_id") VALUES (1069,26,7,'Alyssa','','','',NULL,4);
INSERT INTO "players" ("id","game_id","player_number","player_name","serves","passes","attacks","assists","set_id") VALUES (1070,26,7,'Alyssa','','','',NULL,5);
INSERT INTO "players" ("id","game_id","player_number","player_name","serves","passes","attacks","assists","set_id") VALUES (1071,26,8,'Sarah','EOO','','',NULL,1);
INSERT INTO "players" ("id","game_id","player_number","player_name","serves","passes","attacks","assists","set_id") VALUES (1072,26,8,'Sarah','OOO','','',NULL,2);
INSERT INTO "players" ("id","game_id","player_number","player_name","serves","passes","attacks","assists","set_id") VALUES (1073,26,8,'Sarah','OOOOOOOO','','',NULL,3);
INSERT INTO "players" ("id","game_id","player_number","player_name","serves","passes","attacks","assists","set_id") VALUES (1074,26,8,'Sarah','','','',NULL,4);
INSERT INTO "players" ("id","game_id","player_number","player_name","serves","passes","attacks","assists","set_id") VALUES (1075,26,8,'Sarah','','','',NULL,5);
INSERT INTO "players" ("id","game_id","player_number","player_name","serves","passes","attacks","assists","set_id") VALUES (1076,26,9,'Fiona','','','',NULL,1);
INSERT INTO "players" ("id","game_id","player_number","player_name","serves","passes","attacks","assists","set_id") VALUES (1077,26,9,'Fiona','','','',NULL,2);
INSERT INTO "players" ("id","game_id","player_number","player_name","serves","passes","attacks","assists","set_id") VALUES (1078,26,9,'Fiona','','','',NULL,3);
INSERT INTO "players" ("id","game_id","player_number","player_name","serves","passes","attacks","assists","set_id") VALUES (1079,26,9,'Fiona','','','',NULL,4);
INSERT INTO "players" ("id","game_id","player_number","player_name","serves","passes","attacks","assists","set_id") VALUES (1080,26,9,'Fiona','','','',NULL,5);
INSERT INTO "players" ("id","game_id","player_number","player_name","serves","passes","attacks","assists","set_id") VALUES (1081,26,10,'CJ','OOO','','OOOO',NULL,1);
INSERT INTO "players" ("id","game_id","player_number","player_name","serves","passes","attacks","assists","set_id") VALUES (1082,26,10,'CJ','OOO','','OO',NULL,2);
INSERT INTO "players" ("id","game_id","player_number","player_name","serves","passes","attacks","assists","set_id") VALUES (1083,26,10,'CJ','OO','0','',NULL,3);
INSERT INTO "players" ("id","game_id","player_number","player_name","serves","passes","attacks","assists","set_id") VALUES (1084,26,10,'CJ','','','',NULL,4);
INSERT INTO "players" ("id","game_id","player_number","player_name","serves","passes","attacks","assists","set_id") VALUES (1085,26,10,'CJ','','','',NULL,5);
INSERT INTO "players" ("id","game_id","player_number","player_name","serves","passes","attacks","assists","set_id") VALUES (1086,26,11,'Charlotte','OO','2013233','',NULL,1);
INSERT INTO "players" ("id","game_id","player_number","player_name","serves","passes","attacks","assists","set_id") VALUES (1087,26,11,'Charlotte','OOO','33323','K',NULL,2);
INSERT INTO "players" ("id","game_id","player_number","player_name","serves","passes","attacks","assists","set_id") VALUES (1088,26,11,'Charlotte','EO','2333','',NULL,3);
INSERT INTO "players" ("id","game_id","player_number","player_name","serves","passes","attacks","assists","set_id") VALUES (1089,26,11,'Charlotte','','','',NULL,4);
INSERT INTO "players" ("id","game_id","player_number","player_name","serves","passes","attacks","assists","set_id") VALUES (1090,26,11,'Charlotte','','','',NULL,5);
INSERT INTO "players" ("id","game_id","player_number","player_name","serves","passes","attacks","assists","set_id") VALUES (1091,26,12,'Jackie','OOOOOOO','3223','KOOOEOOKOKKO',NULL,1);
INSERT INTO "players" ("id","game_id","player_number","player_name","serves","passes","attacks","assists","set_id") VALUES (1092,26,12,'Jackie','OO','2330','OEOEOOE',NULL,2);
INSERT INTO "players" ("id","game_id","player_number","player_name","serves","passes","attacks","assists","set_id") VALUES (1093,26,12,'Jackie','OOOO','233300020','OOOEEEEOK',NULL,3);
INSERT INTO "players" ("id","game_id","player_number","player_name","serves","passes","attacks","assists","set_id") VALUES (1094,26,12,'Jackie','','','',NULL,4);
INSERT INTO "players" ("id","game_id","player_number","player_name","serves","passes","attacks","assists","set_id") VALUES (1095,26,12,'Jackie','','','',NULL,5);
INSERT INTO "players" ("id","game_id","player_number","player_name","serves","passes","attacks","assists","set_id") VALUES (1096,26,13,'Lucy','','','O',NULL,1);
INSERT INTO "players" ("id","game_id","player_number","player_name","serves","passes","attacks","assists","set_id") VALUES (1097,26,13,'Lucy','','0','OOOKO',NULL,2);
INSERT INTO "players" ("id","game_id","player_number","player_name","serves","passes","attacks","assists","set_id") VALUES (1098,26,13,'Lucy','','','OE',NULL,3);
INSERT INTO "players" ("id","game_id","player_number","player_name","serves","passes","attacks","assists","set_id") VALUES (1099,26,13,'Lucy','','','',NULL,4);
INSERT INTO "players" ("id","game_id","player_number","player_name","serves","passes","attacks","assists","set_id") VALUES (1100,26,13,'Lucy','','','',NULL,5);
INSERT INTO "players" ("id","game_id","player_number","player_name","serves","passes","attacks","assists","set_id") VALUES (1101,26,14,'Claire','E','','',NULL,1);
INSERT INTO "players" ("id","game_id","player_number","player_name","serves","passes","attacks","assists","set_id") VALUES (1102,26,14,'Claire','KOKE','','',NULL,2);
INSERT INTO "players" ("id","game_id","player_number","player_name","serves","passes","attacks","assists","set_id") VALUES (1103,26,14,'Claire','O','','',NULL,3);
INSERT INTO "players" ("id","game_id","player_number","player_name","serves","passes","attacks","assists","set_id") VALUES (1104,26,14,'Claire','','','',NULL,4);
INSERT INTO "players" ("id","game_id","player_number","player_name","serves","passes","attacks","assists","set_id") VALUES (1105,26,14,'Claire','','','',NULL,5);
INSERT INTO "players" ("id","game_id","player_number","player_name","serves","passes","attacks","assists","set_id") VALUES (1106,26,15,'Ela','','','',NULL,1);
INSERT INTO "players" ("id","game_id","player_number","player_name","serves","passes","attacks","assists","set_id") VALUES (1107,26,15,'Ela','','','OO',NULL,2);
INSERT INTO "players" ("id","game_id","player_number","player_name","serves","passes","attacks","assists","set_id") VALUES (1108,26,15,'Ela','','','',NULL,3);
INSERT INTO "players" ("id","game_id","player_number","player_name","serves","passes","attacks","assists","set_id") VALUES (1109,26,15,'Ela','','','',NULL,4);
INSERT INTO "players" ("id","game_id","player_number","player_name","serves","passes","attacks","assists","set_id") VALUES (1110,26,15,'Ela','','','',NULL,5);
INSERT INTO "players" ("id","game_id","player_number","player_name","serves","passes","attacks","assists","set_id") VALUES (1111,26,17,'Janie','','','',NULL,1);
INSERT INTO "players" ("id","game_id","player_number","player_name","serves","passes","attacks","assists","set_id") VALUES (1112,26,17,'Janie','','','EOOOE',NULL,2);
INSERT INTO "players" ("id","game_id","player_number","player_name","serves","passes","attacks","assists","set_id") VALUES (1113,26,17,'Janie','','','OO',NULL,3);
INSERT INTO "players" ("id","game_id","player_number","player_name","serves","passes","attacks","assists","set_id") VALUES (1114,26,17,'Janie','','','',NULL,4);
INSERT INTO "players" ("id","game_id","player_number","player_name","serves","passes","attacks","assists","set_id") VALUES (1115,26,17,'Janie','','','',NULL,5);
INSERT INTO "players" ("id","game_id","player_number","player_name","serves","passes","attacks","assists","set_id") VALUES (1116,27,1,'Grace-Ann','','','',NULL,1);
INSERT INTO "players" ("id","game_id","player_number","player_name","serves","passes","attacks","assists","set_id") VALUES (1117,27,1,'Grace-Ann','','','',NULL,2);
INSERT INTO "players" ("id","game_id","player_number","player_name","serves","passes","attacks","assists","set_id") VALUES (1118,27,1,'Grace-Ann','','','',NULL,3);
INSERT INTO "players" ("id","game_id","player_number","player_name","serves","passes","attacks","assists","set_id") VALUES (1119,27,1,'Grace-Ann',NULL,NULL,NULL,NULL,4);
INSERT INTO "players" ("id","game_id","player_number","player_name","serves","passes","attacks","assists","set_id") VALUES (1120,27,1,'Grace-Ann','','','',NULL,5);
INSERT INTO "players" ("id","game_id","player_number","player_name","serves","passes","attacks","assists","set_id") VALUES (1121,27,2,'Elizabeth','','','',NULL,1);
INSERT INTO "players" ("id","game_id","player_number","player_name","serves","passes","attacks","assists","set_id") VALUES (1122,27,2,'Elizabeth','KO','0','',NULL,2);
INSERT INTO "players" ("id","game_id","player_number","player_name","serves","passes","attacks","assists","set_id") VALUES (1123,27,2,'Elizabeth','EE','30031','',NULL,3);
INSERT INTO "players" ("id","game_id","player_number","player_name","serves","passes","attacks","assists","set_id") VALUES (1124,27,2,'Elizabeth',NULL,NULL,NULL,NULL,4);
INSERT INTO "players" ("id","game_id","player_number","player_name","serves","passes","attacks","assists","set_id") VALUES (1125,27,2,'Elizabeth','','','',NULL,5);
INSERT INTO "players" ("id","game_id","player_number","player_name","serves","passes","attacks","assists","set_id") VALUES (1126,27,3,'Clara','','','',NULL,1);
INSERT INTO "players" ("id","game_id","player_number","player_name","serves","passes","attacks","assists","set_id") VALUES (1127,27,3,'Clara','','','',NULL,2);
INSERT INTO "players" ("id","game_id","player_number","player_name","serves","passes","attacks","assists","set_id") VALUES (1128,27,3,'Clara','','','',NULL,3);
INSERT INTO "players" ("id","game_id","player_number","player_name","serves","passes","attacks","assists","set_id") VALUES (1129,27,3,'Clara',NULL,NULL,NULL,NULL,4);
INSERT INTO "players" ("id","game_id","player_number","player_name","serves","passes","attacks","assists","set_id") VALUES (1130,27,3,'Clara','','','',NULL,5);
INSERT INTO "players" ("id","game_id","player_number","player_name","serves","passes","attacks","assists","set_id") VALUES (1131,27,4,'Dinero','','3','',NULL,1);
INSERT INTO "players" ("id","game_id","player_number","player_name","serves","passes","attacks","assists","set_id") VALUES (1132,27,4,'Dinero','E','320','',NULL,2);
INSERT INTO "players" ("id","game_id","player_number","player_name","serves","passes","attacks","assists","set_id") VALUES (1133,27,4,'Dinero','OOE','100','',NULL,3);
INSERT INTO "players" ("id","game_id","player_number","player_name","serves","passes","attacks","assists","set_id") VALUES (1134,27,4,'Dinero',NULL,NULL,NULL,NULL,4);
INSERT INTO "players" ("id","game_id","player_number","player_name","serves","passes","attacks","assists","set_id") VALUES (1135,27,4,'Dinero','','','',NULL,5);
INSERT INTO "players" ("id","game_id","player_number","player_name","serves","passes","attacks","assists","set_id") VALUES (1136,27,5,'Moran','OEOKOO','1001','O',NULL,1);
INSERT INTO "players" ("id","game_id","player_number","player_name","serves","passes","attacks","assists","set_id") VALUES (1137,27,5,'Moran','O','2000','EE',NULL,2);
INSERT INTO "players" ("id","game_id","player_number","player_name","serves","passes","attacks","assists","set_id") VALUES (1138,27,5,'Moran','OOE','','',NULL,3);
INSERT INTO "players" ("id","game_id","player_number","player_name","serves","passes","attacks","assists","set_id") VALUES (1139,27,5,'Moran',NULL,NULL,NULL,NULL,4);
INSERT INTO "players" ("id","game_id","player_number","player_name","serves","passes","attacks","assists","set_id") VALUES (1140,27,5,'Moran','','','',NULL,5);
INSERT INTO "players" ("id","game_id","player_number","player_name","serves","passes","attacks","assists","set_id") VALUES (1141,27,6,'Julia','','','',NULL,1);
INSERT INTO "players" ("id","game_id","player_number","player_name","serves","passes","attacks","assists","set_id") VALUES (1142,27,6,'Julia','','','',NULL,2);
INSERT INTO "players" ("id","game_id","player_number","player_name","serves","passes","attacks","assists","set_id") VALUES (1143,27,6,'Julia','','','',NULL,3);
INSERT INTO "players" ("id","game_id","player_number","player_name","serves","passes","attacks","assists","set_id") VALUES (1144,27,6,'Julia',NULL,NULL,NULL,NULL,4);
INSERT INTO "players" ("id","game_id","player_number","player_name","serves","passes","attacks","assists","set_id") VALUES (1145,27,6,'Julia','','','',NULL,5);
INSERT INTO "players" ("id","game_id","player_number","player_name","serves","passes","attacks","assists","set_id") VALUES (1146,27,7,'Alyssa','','','KKK',NULL,1);
INSERT INTO "players" ("id","game_id","player_number","player_name","serves","passes","attacks","assists","set_id") VALUES (1147,27,7,'Alyssa','','3','EE',NULL,2);
INSERT INTO "players" ("id","game_id","player_number","player_name","serves","passes","attacks","assists","set_id") VALUES (1148,27,7,'Alyssa','','','OE',NULL,3);
INSERT INTO "players" ("id","game_id","player_number","player_name","serves","passes","attacks","assists","set_id") VALUES (1149,27,7,'Alyssa',NULL,NULL,NULL,NULL,4);
INSERT INTO "players" ("id","game_id","player_number","player_name","serves","passes","attacks","assists","set_id") VALUES (1150,27,7,'Alyssa','','','',NULL,5);
INSERT INTO "players" ("id","game_id","player_number","player_name","serves","passes","attacks","assists","set_id") VALUES (1151,27,8,'Sarah','OOEOO','','',NULL,1);
INSERT INTO "players" ("id","game_id","player_number","player_name","serves","passes","attacks","assists","set_id") VALUES (1152,27,8,'Sarah','O','','',NULL,2);
INSERT INTO "players" ("id","game_id","player_number","player_name","serves","passes","attacks","assists","set_id") VALUES (1153,27,8,'Sarah','','','',NULL,3);
INSERT INTO "players" ("id","game_id","player_number","player_name","serves","passes","attacks","assists","set_id") VALUES (1154,27,8,'Sarah',NULL,NULL,NULL,NULL,4);
INSERT INTO "players" ("id","game_id","player_number","player_name","serves","passes","attacks","assists","set_id") VALUES (1155,27,8,'Sarah','','','',NULL,5);
INSERT INTO "players" ("id","game_id","player_number","player_name","serves","passes","attacks","assists","set_id") VALUES (1156,27,9,'Fiona','','','',NULL,1);
INSERT INTO "players" ("id","game_id","player_number","player_name","serves","passes","attacks","assists","set_id") VALUES (1157,27,9,'Fiona','','','',NULL,2);
INSERT INTO "players" ("id","game_id","player_number","player_name","serves","passes","attacks","assists","set_id") VALUES (1158,27,9,'Fiona','','','',NULL,3);
INSERT INTO "players" ("id","game_id","player_number","player_name","serves","passes","attacks","assists","set_id") VALUES (1159,27,9,'Fiona',NULL,NULL,NULL,NULL,4);
INSERT INTO "players" ("id","game_id","player_number","player_name","serves","passes","attacks","assists","set_id") VALUES (1160,27,9,'Fiona','','','',NULL,5);
INSERT INTO "players" ("id","game_id","player_number","player_name","serves","passes","attacks","assists","set_id") VALUES (1161,27,10,'CJ','KE','','',NULL,1);
INSERT INTO "players" ("id","game_id","player_number","player_name","serves","passes","attacks","assists","set_id") VALUES (1162,27,10,'CJ','OO','','E',NULL,2);
INSERT INTO "players" ("id","game_id","player_number","player_name","serves","passes","attacks","assists","set_id") VALUES (1163,27,10,'CJ','OOKKOOOO','','',NULL,3);
INSERT INTO "players" ("id","game_id","player_number","player_name","serves","passes","attacks","assists","set_id") VALUES (1164,27,10,'CJ',NULL,NULL,NULL,NULL,4);
INSERT INTO "players" ("id","game_id","player_number","player_name","serves","passes","attacks","assists","set_id") VALUES (1165,27,10,'CJ','','','',NULL,5);
INSERT INTO "players" ("id","game_id","player_number","player_name","serves","passes","attacks","assists","set_id") VALUES (1166,27,11,'Charlotte','OO','20','',NULL,1);
INSERT INTO "players" ("id","game_id","player_number","player_name","serves","passes","attacks","assists","set_id") VALUES (1167,27,11,'Charlotte','E','3332030','E',NULL,2);
INSERT INTO "players" ("id","game_id","player_number","player_name","serves","passes","attacks","assists","set_id") VALUES (1168,27,11,'Charlotte','KO','32','K',NULL,3);
INSERT INTO "players" ("id","game_id","player_number","player_name","serves","passes","attacks","assists","set_id") VALUES (1169,27,11,'Charlotte',NULL,NULL,NULL,NULL,4);
INSERT INTO "players" ("id","game_id","player_number","player_name","serves","passes","attacks","assists","set_id") VALUES (1170,27,11,'Charlotte','','','',NULL,5);
INSERT INTO "players" ("id","game_id","player_number","player_name","serves","passes","attacks","assists","set_id") VALUES (1171,27,12,'Jackie','OO','131321001','EOKKEEOO',NULL,1);
INSERT INTO "players" ("id","game_id","player_number","player_name","serves","passes","attacks","assists","set_id") VALUES (1172,27,12,'Jackie','','3','EOOO',NULL,2);
INSERT INTO "players" ("id","game_id","player_number","player_name","serves","passes","attacks","assists","set_id") VALUES (1173,27,12,'Jackie','EKE','323','OOKOKOEKKO',NULL,3);
INSERT INTO "players" ("id","game_id","player_number","player_name","serves","passes","attacks","assists","set_id") VALUES (1174,27,12,'Jackie',NULL,NULL,NULL,NULL,4);
INSERT INTO "players" ("id","game_id","player_number","player_name","serves","passes","attacks","assists","set_id") VALUES (1175,27,12,'Jackie','','','',NULL,5);
INSERT INTO "players" ("id","game_id","player_number","player_name","serves","passes","attacks","assists","set_id") VALUES (1176,27,13,'Lucy','','','K',NULL,1);
INSERT INTO "players" ("id","game_id","player_number","player_name","serves","passes","attacks","assists","set_id") VALUES (1177,27,13,'Lucy','','','E',NULL,2);
INSERT INTO "players" ("id","game_id","player_number","player_name","serves","passes","attacks","assists","set_id") VALUES (1178,27,13,'Lucy','','','',NULL,3);
INSERT INTO "players" ("id","game_id","player_number","player_name","serves","passes","attacks","assists","set_id") VALUES (1179,27,13,'Lucy',NULL,NULL,NULL,NULL,4);
INSERT INTO "players" ("id","game_id","player_number","player_name","serves","passes","attacks","assists","set_id") VALUES (1180,27,13,'Lucy','','','',NULL,5);
INSERT INTO "players" ("id","game_id","player_number","player_name","serves","passes","attacks","assists","set_id") VALUES (1181,27,14,'Claire','O','','',NULL,1);
INSERT INTO "players" ("id","game_id","player_number","player_name","serves","passes","attacks","assists","set_id") VALUES (1182,27,14,'Claire','','31','',NULL,2);
INSERT INTO "players" ("id","game_id","player_number","player_name","serves","passes","attacks","assists","set_id") VALUES (1183,27,14,'Claire','E','1232','OO',NULL,3);
INSERT INTO "players" ("id","game_id","player_number","player_name","serves","passes","attacks","assists","set_id") VALUES (1184,27,14,'Claire',NULL,NULL,NULL,NULL,4);
INSERT INTO "players" ("id","game_id","player_number","player_name","serves","passes","attacks","assists","set_id") VALUES (1185,27,14,'Claire','','','',NULL,5);
INSERT INTO "players" ("id","game_id","player_number","player_name","serves","passes","attacks","assists","set_id") VALUES (1186,27,15,'Ela','','1','EO',NULL,1);
INSERT INTO "players" ("id","game_id","player_number","player_name","serves","passes","attacks","assists","set_id") VALUES (1187,27,15,'Ela','','','E',NULL,2);
INSERT INTO "players" ("id","game_id","player_number","player_name","serves","passes","attacks","assists","set_id") VALUES (1188,27,15,'Ela','','','KK',NULL,3);
INSERT INTO "players" ("id","game_id","player_number","player_name","serves","passes","attacks","assists","set_id") VALUES (1189,27,15,'Ela',NULL,NULL,NULL,NULL,4);
INSERT INTO "players" ("id","game_id","player_number","player_name","serves","passes","attacks","assists","set_id") VALUES (1190,27,15,'Ela','','','',NULL,5);
INSERT INTO "players" ("id","game_id","player_number","player_name","serves","passes","attacks","assists","set_id") VALUES (1191,27,17,'Janie','','','O',NULL,1);
INSERT INTO "players" ("id","game_id","player_number","player_name","serves","passes","attacks","assists","set_id") VALUES (1192,27,17,'Janie','','','EE',NULL,2);
INSERT INTO "players" ("id","game_id","player_number","player_name","serves","passes","attacks","assists","set_id") VALUES (1193,27,17,'Janie','','0','OKKOOK',NULL,3);
INSERT INTO "players" ("id","game_id","player_number","player_name","serves","passes","attacks","assists","set_id") VALUES (1194,27,17,'Janie',NULL,NULL,NULL,NULL,4);
INSERT INTO "players" ("id","game_id","player_number","player_name","serves","passes","attacks","assists","set_id") VALUES (1195,27,17,'Janie','','','',NULL,5);
COMMIT;
